idProduct,name,description,price,stock,image
1,Aceite Tei Fu Oil (5 ml),sssssssssssssssssssssssssss,120.71,284,http://pe.sunshineandina.com/media/catalog/product/cache/3/small_image/9df78eab33525d08d6e5fb8d27136e95/a/c/ac-tei-fu.jpg
2,AE Abeto Balsamico (Abies balsamea) (10 ml),sssssssssssssssssssssssssss,63,170,http://pe.sunshineandina.com/media/catalog/product/cache/3/small_image/9df78eab33525d08d6e5fb8d27136e95/a/b/abeto-base-web.jpg
3,AE Absoluto de Jazmin (Jasminum officinalis) (3 ml),sssssssssssssssssssssssssss,287.43,269,http://pe.sunshineandina.com/media/catalog/product/cache/3/small_image/9df78eab33525d08d6e5fb8d27136e95/a/b/absoluto-base-web.jpg
4,AE Ajowan (Trachyspermum ammi) (10 ml),sssssssssssssssssssssssssss,53,299,http://pe.sunshineandina.com/media/catalog/product/cache/3/small_image/9df78eab33525d08d6e5fb8d27136e95/a/j/ajowan-base-espana.png
5,AE Albahaca Exotica (Ocimum basilicum) (10 ml),sssssssssssssssssssssssssss,43,66,http://pe.sunshineandina.com/media/catalog/product/cache/3/small_image/9df78eab33525d08d6e5fb8d27136e95/a/l/albahacaexo-base-web.jpg
6,AE Albahaca Sagrada (Ocimum sanctum) (10 ml),sssssssssssssssssssssssssss,47.86,43,http://pe.sunshineandina.com/media/catalog/product/cache/3/small_image/9df78eab33525d08d6e5fb8d27136e95/a/l/albahacasag-base-web.jpg
7,AE Angelica (Angelica archangelica) (5 ml),sssssssssssssssssssssssssss,315,163,http://pe.sunshineandina.com/media/catalog/product/cache/3/small_image/9df78eab33525d08d6e5fb8d27136e95/a/n/angelica-base-web.jpg
8,AE Arbol de Te (Melaleuca alternifolia) (10 ml),sssssssssssssssssssssssssss,38,133,http://pe.sunshineandina.com/media/catalog/product/cache/3/small_image/9df78eab33525d08d6e5fb8d27136e95/a/r/arbol-base-web.jpg
9,AE Azahar (Hoja y flor) (Citrus aurantium) (10 ml),sssssssssssssssssssssssssss,107.2,107,http://pe.sunshineandina.com/media/catalog/product/cache/3/small_image/9df78eab33525d08d6e5fb8d27136e95/a/z/azahar-base-web.jpg
10,AE Bergamota (Citrus bergamia) (10 ml),sssssssssssssssssssssssssss,69,110,http://pe.sunshineandina.com/media/catalog/product/cache/3/small_image/9df78eab33525d08d6e5fb8d27136e95/b/e/bergamota-base-web.jpg
11,AE Canela de China (Cinnamomun cassia) (10 ml),sssssssssssssssssssssssssss,42,49,http://pe.sunshineandina.com/media/catalog/product/cache/3/small_image/9df78eab33525d08d6e5fb8d27136e95/c/a/canela-base-web.jpg
12,AE Cedro de Atlas (Cedrus atlantica) (10 ml),sssssssssssssssssssssssssss,35,51,http://pe.sunshineandina.com/media/catalog/product/cache/3/small_image/9df78eab33525d08d6e5fb8d27136e95/c/e/cedro-base-web.jpg
13,AE Cilantro (Coriandrum sativum) (10 ml),sssssssssssssssssssssssssss,84,80,http://pe.sunshineandina.com/media/catalog/product/cache/3/small_image/9df78eab33525d08d6e5fb8d27136e95/a/c/ac-cilantro_1.jpg
14,AE Cipres de Provenza ( Cupressus sempervirens) (10 ml),sssssssssssssssssssssssssss,50.72,174,http://pe.sunshineandina.com/media/catalog/product/cache/3/small_image/9df78eab33525d08d6e5fb8d27136e95/c/i/cipres-base-espana.png
15,AE Citronela de Java (Cymbopogon winterianus) (10 ml),sssssssssssssssssssssssssss,83,166,http://pe.sunshineandina.com/media/catalog/product/cache/3/small_image/9df78eab33525d08d6e5fb8d27136e95/c/i/citronela-base-web.jpg
16,AE Clavo de Especias (Eugenia caryophyllus) (10 ml),sssssssssssssssssssssssssss,81,135,http://pe.sunshineandina.com/media/catalog/product/cache/3/small_image/9df78eab33525d08d6e5fb8d27136e95/a/c/ac-clavo-especias.jpg
17,AE Comino (Cuminum cyminum) (10 ml),sssssssssssssssssssssssssss,130,164,http://pe.sunshineandina.com/media/catalog/product/cache/3/small_image/9df78eab33525d08d6e5fb8d27136e95/c/o/comino-base-espana_1.png
18,AE Curcuma (Curcuma longa) (10 ml),sssssssssssssssssssssssssss,60.86,50,http://pe.sunshineandina.com/media/catalog/product/cache/3/small_image/9df78eab33525d08d6e5fb8d27136e95/c/u/curcuma-base-espana_1.png
19,AE Enebro (Juniperus communis) (10 ml),sssssssssssssssssssssssssss,91,160,http://pe.sunshineandina.com/media/catalog/product/cache/3/small_image/9df78eab33525d08d6e5fb8d27136e95/e/n/enebro-base-espana_1.png
20,AE Espliego Macho (Lavandula spica) (10 ml),sssssssssssssssssssssssssss,36.29,291,http://pe.sunshineandina.com/media/catalog/product/cache/3/small_image/9df78eab33525d08d6e5fb8d27136e95/e/s/espliego-base-web.jpg
21,AE Estragon (Artemisia dracunculus) (10 ml),sssssssssssssssssssssssssss,75,298,http://pe.sunshineandina.com/media/catalog/product/cache/3/small_image/9df78eab33525d08d6e5fb8d27136e95/a/c/ac-estragon.jpg
22,AE Eucalipto Azul (Eucalyptus citriodora) (10 ml),sssssssssssssssssssssssssss,81.86,63,http://pe.sunshineandina.com/media/catalog/product/cache/3/small_image/9df78eab33525d08d6e5fb8d27136e95/e/u/eucaliptoazu-base-web.jpg
23,AE Eucalipto Radiata (Eucalyptus radiata) (10 ml),sssssssssssssssssssssssssss,86.86,287,http://pe.sunshineandina.com/media/catalog/product/cache/3/small_image/9df78eab33525d08d6e5fb8d27136e95/e/u/eucaliptorad-base-web.jpg
24,AE Gaulteria (Gaultheria procumbens) (10 ml),sssssssssssssssssssssssssss,89.86,209,http://pe.sunshineandina.com/media/catalog/product/cache/3/small_image/9df78eab33525d08d6e5fb8d27136e95/g/a/gaulteria-base-espana_2.png
25,ALJ (100 capsulas),sssssssssssssssssssssssssss,129.86,295,http://pe.sunshineandina.com/media/catalog/product/cache/3/small_image/9df78eab33525d08d6e5fb8d27136e95/a/l/alj-pe_1_1_1.jpg
26,ALJ 59ml (Herbasaur),sssssssssssssssssssssssssss,91.86,177,http://pe.sunshineandina.com/media/catalog/product/cache/3/small_image/9df78eab33525d08d6e5fb8d27136e95/a/l/alj-pe.jpg
27,Aloe Vera Gel (236.5 ml),sssssssssssssssssssssssssss,85.86,173,http://pe.sunshineandina.com/media/catalog/product/cache/3/small_image/9df78eab33525d08d6e5fb8d27136e95/a/l/aloevera-pe_2.jpg
28,Anamu,sssssssssssssssssssssssssss,151.86,141,http://pe.sunshineandina.com/media/catalog/product/cache/3/small_image/9df78eab33525d08d6e5fb8d27136e95/a/n/anamu-pe.jpg
29,Bee Pollen (100 capsulas),sssssssssssssssssssssssssss,101.86,85,http://pe.sunshineandina.com/media/catalog/product/cache/3/small_image/9df78eab33525d08d6e5fb8d27136e95/4/8/48_2.jpg
30,BLACK WALNUT EXTRACT,sssssssssssssssssssssssssss,84.86,69,http://pe.sunshineandina.com/media/catalog/product/cache/3/small_image/9df78eab33525d08d6e5fb8d27136e95/b/l/blackw-pe.jpg
31,Bowel Build NF,sssssssssssssssssssssssssss,107.86,57,http://pe.sunshineandina.com/media/catalog/product/cache/3/small_image/9df78eab33525d08d6e5fb8d27136e95/b/o/bowelbuild_1.jpg
32,CARBO GRABBERS,sssssssssssssssssssssssssss,89,102,http://pe.sunshineandina.com/media/catalog/product/cache/3/small_image/9df78eab33525d08d6e5fb8d27136e95/c/a/carbo_pe.jpg
33,CASCARA SAGRADA 100 CAPS,sssssssssssssssssssssssssss,140.86,56,http://pe.sunshineandina.com/media/catalog/product/cache/3/small_image/9df78eab33525d08d6e5fb8d27136e95/6/3/63_2.jpg
34,COLOSTRUM (90 CAPSULAS),sssssssssssssssssssssssssss,310,278,http://pe.sunshineandina.com/media/catalog/product/cache/3/small_image/9df78eab33525d08d6e5fb8d27136e95/1/8/1828-colostrum.jpg
35,CONTORNO DE OJOS - Acai (Por 30 gr.),sssssssssssssssssssssssssss,533,142,http://pe.sunshineandina.com/media/catalog/product/cache/3/small_image/9df78eab33525d08d6e5fb8d27136e95/c/o/contorno-ojos-acai_2.jpg
36,Curcuma Plus (60 capsulas),sssssssssssssssssssssssssss,87.86,113,http://pe.sunshineandina.com/media/catalog/product/cache/3/small_image/9df78eab33525d08d6e5fb8d27136e95/c/u/curcuma_prueba_descuento_espana_1_1_1.jpg
37,DFN CLASICO,sssssssssssssssssssssssssss,143.86,114,http://pe.sunshineandina.com/media/catalog/product/cache/3/small_image/9df78eab33525d08d6e5fb8d27136e95/d/f/dfn.jpg
38,DFN PLUS,sssssssssssssssssssssssssss,59,132,http://pe.sunshineandina.com/media/catalog/product/cache/3/small_image/9df78eab33525d08d6e5fb8d27136e95/d/f/dfn-plus.jpg
39,Difusor Air Freshner Vivenso,sssssssssssssssssssssssssss,75.86,190,http://pe.sunshineandina.com/media/catalog/product/cache/3/small_image/9df78eab33525d08d6e5fb8d27136e95/m/i/mini_vivenso3_1.jpg
40,Eight,sssssssssssssssssssssssssss,70.14,256,http://pe.sunshineandina.com/media/catalog/product/cache/3/small_image/9df78eab33525d08d6e5fb8d27136e95/e/i/eight_1.jpg
41,Energ-V (100 capsulas),sssssssssssssssssssssssssss,69.14,176,http://pe.sunshineandina.com/media/catalog/product/cache/3/small_image/9df78eab33525d08d6e5fb8d27136e95/6/8/68_2.jpg
42,Fat Grabbers NF(120 capsulas),sssssssssssssssssssssssssss,40,121,http://pe.sunshineandina.com/media/catalog/product/cache/3/small_image/9df78eab33525d08d6e5fb8d27136e95/f/a/fat-pe_1.jpg
43,FC With Dong Quai,sssssssssssssssssssssssssss,113,83,http://pe.sunshineandina.com/media/catalog/product/cache/3/small_image/9df78eab33525d08d6e5fb8d27136e95/f/e/female-pe_1.jpg
44,GEL DE LIMPIEZA CORPORAL - Guarana (Por 240 ml),sssssssssssssssssssssssssss,102.86,210,http://pe.sunshineandina.com/media/catalog/product/cache/3/small_image/9df78eab33525d08d6e5fb8d27136e95/g/e/gel-limpieza-guarana_2.jpg
45,GEL DE LIMPIEZA FACIAL - Acai (Por 120 ml),sssssssssssssssssssssssssss,148.86,110,http://pe.sunshineandina.com/media/catalog/product/cache/3/small_image/9df78eab33525d08d6e5fb8d27136e95/g/e/gel-limpieza-acai_2.jpg
46,GEL EXFOLIANTE - Guarana (Por 200 ml),sssssssssssssssssssssssssss,150,159,http://pe.sunshineandina.com/media/catalog/product/cache/3/small_image/9df78eab33525d08d6e5fb8d27136e95/g/e/gel-exfolia-guarana_2.jpg
47,Ginger (100 capsulas),sssssssssssssssssssssssssss,77.86,125,http://pe.sunshineandina.com/media/catalog/product/cache/3/small_image/9df78eab33525d08d6e5fb8d27136e95/7/4/74_2.jpg
48,Ginkgo Biloba Extract,sssssssssssssssssssssssssss,41.43,244,http://pe.sunshineandina.com/media/catalog/product/cache/3/small_image/9df78eab33525d08d6e5fb8d27136e95/g/i/ginkgo-pe.jpg
49,Gotu Kola (100 capsulas),sssssssssssssssssssssssssss,92.86,141,http://pe.sunshineandina.com/media/catalog/product/cache/3/small_image/9df78eab33525d08d6e5fb8d27136e95/7/6/76_2.jpg
50,Grapine W/Protectors,sssssssssssssssssssssssssss,122.86,249,http://pe.sunshineandina.com/media/catalog/product/cache/3/small_image/9df78eab33525d08d6e5fb8d27136e95/g/r/grapine-pe.jpg
51,Guia de Productos Touch Of Synergy,sssssssssssssssssssssssssss,177.86,86,http://pe.sunshineandina.com/media/catalog/product/cache/3/small_image/9df78eab33525d08d6e5fb8d27136e95/g/u/guia-productos-360x360_2.png
52,HIDRATANTE CORPORAL - CUPUACU (200 gr.),sssssssssssssssssssssssssss,105.86,148,http://pe.sunshineandina.com/media/catalog/product/cache/3/small_image/9df78eab33525d08d6e5fb8d27136e95/h/i/hid-corporal-cupauzu_2.jpg
53,HIDRATANTE FACIAL - Coco (Por 80 gr.),sssssssssssssssssssssssssss,96.86,82,http://pe.sunshineandina.com/media/catalog/product/cache/3/small_image/9df78eab33525d08d6e5fb8d27136e95/h/i/hid-facial-coco_1_1.jpg
54,HIDRATANTE FACIAL - Maracuja (Por 80 gr.),sssssssssssssssssssssssssss,200.86,55,http://pe.sunshineandina.com/media/catalog/product/cache/3/small_image/9df78eab33525d08d6e5fb8d27136e95/h/i/hid-facial-maracuya_2.jpg
55,HRP-C,sssssssssssssssssssssssssss,61.14,97,http://pe.sunshineandina.com/media/catalog/product/cache/3/small_image/9df78eab33525d08d6e5fb8d27136e95/h/r/hrpc-pe.jpg
56,HSN-W (100 capsulas),sssssssssssssssssssssssssss,450,196,http://pe.sunshineandina.com/media/catalog/product/cache/3/small_image/9df78eab33525d08d6e5fb8d27136e95/h/s/hsn-pe_1.jpg
57,IGS-II,sssssssssssssssssssssssssss,217.86,242,http://pe.sunshineandina.com/media/catalog/product/cache/3/small_image/9df78eab33525d08d6e5fb8d27136e95/i/g/igs-pe.jpg
58,Immune Maintenance,sssssssssssssssssssssssssss,121.86,159,http://pe.sunshineandina.com/media/catalog/product/cache/3/small_image/9df78eab33525d08d6e5fb8d27136e95/i/n/inmune-pe.jpg
59,LBS II (100 capsulas),sssssssssssssssssssssssssss,181.86,124,http://pe.sunshineandina.com/media/catalog/product/cache/3/small_image/9df78eab33525d08d6e5fb8d27136e95/8/2/82_2.jpg
60,L-Carnitina (30 capsulas),sssssssssssssssssssssssssss,100.86,113,http://pe.sunshineandina.com/media/catalog/product/cache/3/small_image/9df78eab33525d08d6e5fb8d27136e95/f/o/foto_l_carnitina_1632_1.jpg
61,L-Glutamine 500 mg (30 Capsulas),sssssssssssssssssssssssssss,213.86,298,http://pe.sunshineandina.com/media/catalog/product/cache/3/small_image/9df78eab33525d08d6e5fb8d27136e95/l/g/lglutamine-pe.jpg
62,LIQUID CHLOROPHYLL NF Bebida (Clorofila Liquida 473 ml),sssssssssssssssssssssssssss,113,217,http://pe.sunshineandina.com/media/catalog/product/cache/3/small_image/9df78eab33525d08d6e5fb8d27136e95/c/h/chlorophylla_prueba_per_1.jpg
63,Liv-A,sssssssssssssssssssssssssss,127,65,http://pe.sunshineandina.com/media/catalog/product/cache/3/small_image/9df78eab33525d08d6e5fb8d27136e95/l/i/liva-pe.jpg
64,Master Gland NF,sssssssssssssssssssssssssss,85,146,http://pe.sunshineandina.com/media/catalog/product/cache/3/small_image/9df78eab33525d08d6e5fb8d27136e95/m/a/mastergland-pe.jpg
65,Mega-Chel (90 tabletas),sssssssssssssssssssssssssss,118,213,http://pe.sunshineandina.com/media/catalog/product/cache/3/small_image/9df78eab33525d08d6e5fb8d27136e95/m/e/mega-chel-nf.jpg
66,MILK THISTLE (60 TABLETAS),sssssssssssssssssssssssssss,82,87,http://pe.sunshineandina.com/media/catalog/product/cache/3/small_image/9df78eab33525d08d6e5fb8d27136e95/m/i/milk-thistle.jpg
67,Morinda Citrifolia NF,sssssssssssssssssssssssssss,110,107,http://pe.sunshineandina.com/media/catalog/product/cache/3/small_image/9df78eab33525d08d6e5fb8d27136e95/m/o/morinda-pe.jpg
68,NBS-AV NF,sssssssssssssssssssssssssss,108,115,http://pe.sunshineandina.com/media/catalog/product/cache/3/small_image/9df78eab33525d08d6e5fb8d27136e95/n/b/nbs-pe.jpg
69,PAPAYA MINT (70 TABLETAS),sssssssssssssssssssssssssss,105,194,http://pe.sunshineandina.com/media/catalog/product/cache/3/small_image/9df78eab33525d08d6e5fb8d27136e95/4/8/485-papaya-mint.jpg
70,Paquete Control de Peso,sssssssssssssssssssssssssss,120,231,http://pe.sunshineandina.com/media/catalog/product/cache/3/small_image/9df78eab33525d08d6e5fb8d27136e95/images/catalog/product/placeholder/small_image.jpg
71,Passion Flower,sssssssssssssssssssssssssss,120,47,http://pe.sunshineandina.com/media/catalog/product/cache/3/small_image/9df78eab33525d08d6e5fb8d27136e95/p/a/passionf-pe.jpg
72,Pau Darco,sssssssssssssssssssssssssss,89,186,http://pe.sunshineandina.com/media/catalog/product/cache/3/small_image/9df78eab33525d08d6e5fb8d27136e95/p/a/paudarco-pe.jpg
73,Paw Paw,sssssssssssssssssssssssssss,105,75,http://pe.sunshineandina.com/media/catalog/product/cache/3/small_image/9df78eab33525d08d6e5fb8d27136e95/p/a/pawpaw-pe.jpg
74,Psyllium 600 mg,sssssssssssssssssssssssssss,85,209,http://pe.sunshineandina.com/media/catalog/product/cache/3/small_image/9df78eab33525d08d6e5fb8d27136e95/p/s/psyllium-pe.jpg
75,P-X,sssssssssssssssssssssssssss,80,173,http://pe.sunshineandina.com/media/catalog/product/cache/3/small_image/9df78eab33525d08d6e5fb8d27136e95/p/x/px-pe.jpg
76,SC Formula,sssssssssssssssssssssssssss,109,296,http://pe.sunshineandina.com/media/catalog/product/cache/3/small_image/9df78eab33525d08d6e5fb8d27136e95/s/c/scformula-pe.jpg
77,SF,sssssssssssssssssssssssssss,100,234,http://pe.sunshineandina.com/media/catalog/product/cache/3/small_image/9df78eab33525d08d6e5fb8d27136e95/s/f/sf-pe.jpg
78,Spirulina Plus (100 capsulas),sssssssssssssssssssssssssss,103,75,http://pe.sunshineandina.com/media/catalog/product/cache/3/small_image/9df78eab33525d08d6e5fb8d27136e95/s/p/spirulina-pe_1.jpg
79,TNT NF (532 g),sssssssssssssssssssssssssss,84,63,http://pe.sunshineandina.com/media/catalog/product/cache/3/small_image/9df78eab33525d08d6e5fb8d27136e95/f/o/foto-tnt-peru.jpg
80,TONICO FACIAL - Coco (Por 120 ml),sssssssssssssssssssssssssss,100,119,http://pe.sunshineandina.com/media/catalog/product/cache/3/small_image/9df78eab33525d08d6e5fb8d27136e95/t/o/tonico-facial-coco_2.jpg
81,TONICO FACIAL - Maracuja (Por 120 ml),sssssssssssssssssssssssssss,113,297,http://pe.sunshineandina.com/media/catalog/product/cache/3/small_image/9df78eab33525d08d6e5fb8d27136e95/t/o/tonico-facial-maracuya_2.jpg
82,Zambroza,sssssssssssssssssssssssssss,115,186,http://pe.sunshineandina.com/media/catalog/product/cache/3/small_image/9df78eab33525d08d6e5fb8d27136e95/z/a/zambroza-pe_1.jpg
